{
  "q01": [-0.039816, -0.049270, -0.056266, 0.983667, -0.134543, -0.107048, -0.126518, 0.977277, -0.091363, 0.000000],
  "q99": [0.043860, 0.050352, 0.072505, 1.000000, 0.127404, 0.107273, 0.134140, 1.000000, 0.179731, 1.000000]
}
