{
  "metadata": {
    "embodiment_type":    "libero",
    "pose_convention":    "frame_wise_relative",
    "pose_coordinate_frame": "native",
    "rotation_format":    "6d",
    "action_dim":         10,
    "skip_rotation_dims": [3, 4, 5, 6, 7, 8],
    "chunk_length":       16,
    "sample_stride":      null,
    "dataset_name":       "libero",
    "dataset_class":      "LIBEROLeRobotDataset",
    "dataset_root":       ["outputs/libero_datasets/libero_10", "outputs/libero_datasets/libero_object", "outputs/libero_datasets/libero_spatial", "outputs/libero_datasets/libero_goal"],
    "_comment": "Dataset paths are placeholders; the statistics values are independent of local dataset location.",
    "split":              "train",
    "num_samples_stats":  10000,
    "reservoir_size":     50000,
    "max_samples":        10000,
    "sampling_seed":      42
  },
  "global": {
    "mean": [ 0.050704,  0.097407, -0.094833,  0.000000,  0.000000,  0.000000,  0.000000,  0.000000,  0.000000,  0.476725],
    "std":  [ 0.333621,  0.387175,  0.457140,  1.000000,  1.000000,  1.000000,  1.000000,  1.000000,  1.000000,  0.499460],
    "min":  [-0.937500, -0.937500, -0.937500, -1.000000, -1.000000, -1.000000, -1.000000, -1.000000, -1.000000,  0.000000],
    "max":  [ 0.937500,  0.937500,  0.937500,  1.000000,  1.000000,  1.000000,  1.000000,  1.000000,  1.000000,  1.000000],
    "q01":  [-0.723214, -0.808929, -0.937500, -1.000000, -1.000000, -1.000000, -1.000000, -1.000000, -1.000000,  0.000000],
    "q99":  [ 0.937500,  0.870536,  0.937500,  1.000000,  1.000000,  1.000000,  1.000000,  1.000000,  1.000000,  1.000000]
  },
  "global_raw": {
    "mean": [ 0.050704,  0.097407, -0.094833,  0.994873, -0.004579, -0.004288,  0.004389,  0.996104,  0.001109,  0.476725],
    "std":  [ 0.333621,  0.387175,  0.457140,  0.010807,  0.077802,  0.063386,  0.078571,  0.009994,  0.038504,  0.499460],
    "min":  [-0.937500, -0.937500, -0.937500,  0.902028, -0.356085, -0.367416, -0.370434,  0.921907, -0.255000,  0.000000],
    "max":  [ 0.937500,  0.937500,  0.937500,  1.000000,  0.368853,  0.341214,  0.356395,  1.000000,  0.348251,  1.000000],
    "q01":  [-0.723214, -0.808929, -0.937500,  0.934955, -0.223431, -0.189878, -0.334735,  0.938516, -0.107736,  0.000000],
    "q99":  [ 0.937500,  0.870536,  0.937500,  1.000000,  0.331000,  0.163153,  0.226216,  1.000000,  0.127158,  1.000000]
  }
}
