{
  "q01": [-0.050087, -0.032055, -0.045222, 0.986554, -0.114343, -0.074432, -0.128455, 0.982298, -0.132509, 0.000000],
  "q99": [0.040385, 0.036577, 0.032376, 1.000000, 0.129744, 0.095558, 0.115080, 1.000000, 0.121987, 1.000000]
}
