{
  "q01": [-0.065029, -0.030683, -0.075321, 0.981664, -0.137429, -0.069593, -0.140220, 0.976885, -0.140399, 0.000000],
  "q99": [0.068546, 0.036309, 0.051772, 1.000000, 0.140290, 0.079942, 0.137529, 1.000000, 0.113651, 1.000000]
}
