{
  "q01": [-0.051367, -0.031964, -0.046482,  0.988101, -0.053179, -0.128603, -0.075432,  0.994427, -0.059973,  0.000000, -0.035108, -0.021212, -0.029788,  0.986086, -0.098043, -0.111441, -0.093441,  0.991492, -0.058030,  0.000000],
  "q99": [ 0.043729,  0.021737,  0.036738,  1.000000,  0.075612,  0.102791,  0.053223,  1.000000,  0.077057,  1.000000,  0.047581,  0.021270,  0.025712,  1.000000,  0.095525,  0.126049,  0.098778,  1.000000,  0.041914,  0.995443]
}
