{
  "q01": [-0.035246, -0.037122, -0.035762,  0.984050, -0.108706, -0.065188, -0.110908,  0.982889, -0.085106,  0.000000, -0.027468, -0.036971, -0.029396,  0.993522, -0.076207, -0.061227, -0.074231,  0.992173, -0.076929,  0.000000],
  "q99": [ 0.038095,  0.033082,  0.032447,  1.000000,  0.110573,  0.068087,  0.108972,  1.000000,  0.089037,  0.096749,  0.033588,  0.032840,  0.027391,  1.000000,  0.073697,  0.057541,  0.075834,  1.000000,  0.086257,  0.085000]
}
