{
  "q01": [-0.000167, -0.007272, -0.014935,  0.999999, -0.000306, -0.000594, -0.000260,  0.999227, -0.025516, -0.012912, -0.017163, -0.017614,  0.994613, -0.064506, -0.053231, -0.066267,  0.994383, -0.051163,  0.000000, -0.011640, -0.015508, -0.013880,  0.996511, -0.050126, -0.040305, -0.047330,  0.996618, -0.038303,  0.000000],
  "q99": [ 0.000164,  0.004822,  0.013706,  1.000000,  0.000240,  0.000703,  0.000278,  1.000000,  0.030090,  0.013182,  0.016960,  0.016101,  1.000000,  0.066268,  0.053905,  0.064357,  1.000000,  0.052547,  1.000000,  0.010890,  0.015347,  0.012968,  1.000000,  0.047482,  0.042217,  0.050173,  1.000000,  0.041428,  1.000000]
}
